lead_002,Aaron,19/04/2001,Male,1234567899,hai@gmail.com,122 Tran Phu
lead_003,David,20/02/2001,Male,1234567898,david@gmail.com,76 Tran Phu
lead_004,Jack,25/04/2000,Male,1234567897,jack@gmail.com,11 Tran Phu
lead_005,Sarah,22/10/1999,Female,1234567888,sarah@gmail.com,12 Nguyen Trai
lead_006,John,21/01/2002,Male,1234567891,john@gmail.com,45 Nguyen Trai
lead_007,Dave,11/1/2001,Male,1111111111,dave@gmail.com,14 Nguyen Van Cu
lead_008,Jim,20/01/1999,Male,2222222222,jimmy@gmail.com,12 Nguyen Van Linh
lead_009,Jarret,3/5/2005,Male,3333333333,jar@gmail.com,14 Nguyen Luong Bang
lead_010,James,30/12/1997,Male,4444444444,james@gmail.com,145 Nguyen van Linh
lead_011,Bom,14/03/1991,Male,3242343455,bomman@gmail.com,51 Nguyen Thi Thap
lead_012,Pepsi,30/5/1990,Female,901234567,t123@gmail.com,123 Street
,,,,,,
,,,,,,
,,,,,,
